{"loss": 2.0304683208465577, "lr": 0.00016, "epoch": 20.447284345047922, "_timestamp": 1748597565.5728207, "_runtime": 82.34841966629028, "_step": 320, "_wandb": {"runtime": 82}}