{"loss": [4.92336368560791, 4.914617395401001, 4.894118785858154, 4.865012836456299, 4.821418762207031, 4.769896507263184, 4.7079778671264645, 4.634317827224732, 4.549525260925293, 4.45225830078125, 4.346872329711914, 4.232939147949219, 4.112911939620972, 3.993418002128601, 3.8734902858734133, 3.7638155698776243, 3.656248164176941, 3.5490488529205324, 3.4471076488494874, 3.342938780784607, 3.2381747722625733, 3.129471182823181, 3.017097592353821, 2.8996450901031494, 2.7778985500335693, 2.657220649719238, 2.5355833768844604, 2.418820023536682, 2.310070443153381, 2.20847864151001, 2.115641140937805, 2.0304683208465577], "lr": [5e-06, 1e-05, 1.4999999999999999e-05, 2e-05, 2.5e-05, 2.9999999999999997e-05, 3.5000000000000004e-05, 4e-05, 4.4999999999999996e-05, 5e-05, 5.5e-05, 5.9999999999999995e-05, 6.500000000000001e-05, 7.000000000000001e-05, 7.5e-05, 8e-05, 8.5e-05, 8.999999999999999e-05, 9.5e-05, 0.0001, 0.00010499999999999999, 0.00011, 0.000115, 0.00011999999999999999, 0.000125, 0.00013000000000000002, 0.000135, 0.00014000000000000001, 0.000145, 0.00015, 0.000155, 0.00016], "epoch": [0.6389776357827476, 1.2779552715654952, 1.9169329073482428, 2.5559105431309903, 3.194888178913738, 3.8338658146964857, 4.472843450479234, 5.111821086261981, 5.7507987220447285, 6.389776357827476, 7.0287539936102235, 7.667731629392971, 8.30670926517572, 8.945686900958467, 9.584664536741213, 10.223642172523961, 10.86261980830671, 11.501597444089457, 12.140575079872205, 12.779552715654953, 13.418530351437699, 14.057507987220447, 14.696485623003195, 15.335463258785943, 15.97444089456869, 16.61341853035144, 17.252396166134186, 17.891373801916934, 18.53035143769968, 19.169329073482427, 19.808306709265175, 20.447284345047922], "step": [10, 20, 30, 40, 50, 60, 70, 80, 90, 100, 110, 120, 130, 140, 150, 160, 170, 180, 190, 200, 210, 220, 230, 240, 250, 260, 270, 280, 290, 300, 310, 320]}